excerpt_id,source_id,location,quote,citation,summary,tags,note,added_date
E0001,S0001,Kindle位置No.58,熊野は、西国巡礼・坂東巡礼・四国遍路など、現在も盛んな巡礼のさきがけとなったが、熊野への各地からの参詣道も多様なかたちで長い区間にわたって残っており、熊野古道は日本一の歴史の道だといっても過言ではない。,,,,本書冒頭の総論的な一文。これのみ断片化されておらず再構成不要。,2026-10-01
E0002,S0001,Kindle位置No.71/76/79/83/86/90,紀伊国 牟婁 郡／熊野 国造／（出典：『先代旧事本紀』）／国造／大 阿 斗 足尼 を熊野国造／牟 漏 采女 熊野 直 広 浜,先代旧事本紀,紀伊国牟婁郡が熊野の地であり、『先代旧事本紀』によれば大阿斗足尼が熊野国造に任じられ、牟漏采女・熊野直広浜などの名がみえる、という趣旨と推測される。,,断片の並び順からの再構成。要検証（原文未確認）。,2026-10-01
E0003,S0001,Kindle位置No.100/100/102/102,丹後国に熊野郡／但馬国 二方 郡には熊野郷／出雲国には熊野山と熊野大神／（出典：『出雲国風土記』）,出雲国風土記,「熊野」という地名は紀伊国だけでなく、丹後国の熊野郡、但馬国二方郡の熊野郷、出雲国の熊野山・熊野大神など各地にみられることを示す例（出雲の例は『出雲国風土記』に拠るとみられる）。,,,2026-10-01
E0004,S0001,Kindle位置No.103/104/106/107/108/109,熊の原義は「隈」／牟婁(牟漏)も「室」／野は未開地／八世紀の初期荘園の絵図である開田図に、墾田と対比される未墾地を「野」と表記／熊野とは、都からみて奥まったところにある未開地／熊野詣とは、熊野三山に参詣することをいう。,,「熊」=隈、「牟婁」=室、「野」=未開地という語源説明。八世紀の開田図では墾田に対し未墾地を「野」と表記した例があり、これらから「熊野」は都からみて奥まった未開地を意味するとされる。「熊野詣」は熊野三山（本宮・新宮・那智）への参詣を指す。,,断片の順序がそのまま論理展開になっており、再構成の裁量は小さい。,2026-10-01
E0005,S0001,Kindle位置No.112/117/120/123/129/133/134,（出典：『延喜式』神名帳）／本宮は 熊野坐神社、新宮は熊野 早 玉 神社／第二次世界大戦敗戦前の国家神道のもとで、本宮と新宮は 官幣大社であったが、那智が官幣中社／（出典：『新抄格勅符抄』）／熊野 牟須 美神 と速玉(早玉)神にそれぞれ四戸の 封戸／封戸とは律令国家が貴族や寺社に与えた俸禄／速玉神が新宮の神,延喜式神名帳、新抄格勅符抄,『延喜式』神名帳によれば本宮は熊野坐神社、新宮は熊野早玉神社という。戦前の社格では本宮・新宮が官幣大社、那智は官幣中社であった。『新抄格勅符抄』には熊野牟須美神と速玉神にそれぞれ四戸の封戸（律令国家が貴族・寺社に与えた俸禄）が与えられたことがみえ、速玉神は新宮の神とされる。,,,2026-10-01
E0006,S0001,Kindle位置No.137/140/141/141/145/149/149,本宮の神がのちに 家 津 御子 神／那智が牟須美(結)神／出雲神話の受容／熊野大神があり、 御 気 野 命／御気野とは、クシ(美妙)ミケ(食饌)ヌ(主)で、美妙なる食饌を司る神／ムスビは産霊の意で、豊かな生殖力を象徴し、速玉も玉のように光る生命力の象徴／（出典：薗田香融「律令制下の文化」）,薗田香融「律令制下の文化」,本宮の神はのちに家津御子神と呼ばれ、那智は牟須美(結)神とされた。出雲神話の受容として熊野大神（御気野命）の名がみえ、「御気野」はクシ(美妙)・ミケ(食饌)・ヌ(主)で美妙な食饌を司る神を意味するという。「ムスビ」は産霊の意で豊かな生殖力を、「速玉」は玉のように光る生命力を象徴するとされる（薗田香融説）。,,,2026-10-01
E0007,S0001,Kindle位置No.153/155,貞観五年(八六三)、熊野坐神は従二位のままであったが、速玉神には正二位が授けられた。以後、速玉神の方が常に一ランク上で、この格差がともに正一位となる天慶三年(九四〇) までつづいたのである。／熊野の固有神を記紀神話に結びつけ、家津御子神を 素戔嗚尊、速玉神を 伊弉諾尊、牟須美神を 伊弉冉尊,,貞観五年(863)、熊野坐神は従二位のままだったが速玉神には正二位が授けられ、以後速玉神が常に一ランク上という格差が天慶三年(940)に両神とも正一位となるまで続いた。のちに熊野の固有神は記紀神話と結びつけられ、家津御子神＝素戔嗚尊、速玉神＝伊弉諾尊、牟須美神＝伊弉冉尊とされた。,,位置153-155は断片化が少なく、ほぼ原文のまま。,2026-10-01
E0008,S0001,Kindle位置No.163/169/170/172/178/185/189,（出典：『紀伊続風土記』）／（出典：『熊野御幸略記』）／（出典：『扶桑略記』）／熊野山大衆が新宮・那智の 神輿 をかついで上洛／（出典：藤原為房の日記）／（出典：『一遍上人絵伝』）／（出典：「熊野宮曼荼羅」）,紀伊続風土記、熊野御幸略記、扶桑略記、藤原為房の日記、一遍上人絵伝,熊野山大衆（僧兵）が新宮・那智の神輿をかついで上洛した（強訴とみられる）という記述。関連史料として『紀伊続風土記』『熊野御幸略記』『扶桑略記』、藤原為房の日記、『一遍上人絵伝』中の「熊野宮曼荼羅」が挙げられている。,,具体的な年次・経緯は断片からは不明。原文要確認。,2026-10-01
E0009,S0001,Kindle位置No.209/213/222/231/233/234,熊野では神仏が習合するのも早く、一二世紀前半には熊野の神々が 本地垂迹 思想によって説明／（出典：『長秋記』）／三所権現(結神・速玉神・証誠殿)、 五 所 王子(若宮～子守宮)、 四 所 宮( 一 万・十 万 ～ 米 持 金剛童子)の本地仏／主神である三所権現の本地仏を、本宮は阿弥陀仏、那智は千手観音、新宮は薬師如来／本宮の家津御子を「証誠殿」と称するのは、阿弥陀仏の功徳を諸仏が讃嘆し証誠(証明)／阿弥陀仏は極楽浄土の中心にある仏なので、本宮は西方浄土とみなされ、那智は観世音菩薩の住む 補陀落 浄土、新宮は薬師如来の 東方 瑠璃 浄土,長秋記,熊野は神仏習合が早く、12世紀前半には本地垂迹思想で熊野の神々が説明されるようになった（『長秋記』）。三所権現（結神・速玉神・証誠殿）・五所王子（若宮〜子守宮）・四所宮（一万・十万〜米持金剛童子）の本地仏が定められ、主神である三所権現は本宮＝阿弥陀仏、那智＝千手観音、新宮＝薬師如来とされた。本宮の家津御子を「証誠殿」と呼ぶのは阿弥陀仏の功徳を諸仏が証誠（証明）することに由来し、本宮は西方浄土、那智は観音の補陀落浄土、新宮は薬師如来の東方瑠璃浄土とみなされた。,,,2026-10-01
E0010,S0001,Kindle位置No.258/264/266/272/280/281/283/287,紀伊路は、さらに 大 辺 路・中辺路・小 辺 路 の三ルートに分かれる。／（出典：『醒睡笑』）／大・中・小は距離の長さによる／熊野権現の 御子 神 である王子もこのルートに集中的に出現した。大辺路や小辺路による参詣がみられるのは、文献の上では近世になってからである。／本宮から吉野に向かうのを 順 峯、吉野から本宮に向かうのを 逆 峯／順峯は天台系山伏、逆峯は真言系山伏の修行方法／（出典：藤原行成の日記『権記』）,醒睡笑、権記（藤原行成の日記）,紀伊路は大辺路・中辺路・小辺路の三ルートに分かれ、「大・中・小」は距離の長さによる呼称という（『醒睡笑』）。王子（熊野権現の御子神）は主に中辺路に集中して出現し、大辺路・小辺路での参詣が文献に現れるのは近世以降という。また本宮から吉野へ向かうのを順峯（天台系山伏の修行）、吉野から本宮へ向かうのを逆峯（真言系山伏の修行）という（藤原行成の日記『権記』に関連記事）。,,,2026-10-01
E0011,S0001,Kindle位置No.305/308/309/312/313/320/321,紀伊長島から船に乗れば、そのまま新宮に、さらに熊野川を 遡行して本宮まで行くことができる／宇多 法皇／「切 尾 湊〔印南町切目付近〕 より舟に 御し、熊野神社に赴き向かう」／（出典：『扶桑略記』）／藤原 為 房 も、 石代(南部町岩代) から大方浦(田辺市付近)／淀川と熊野川の往復は船を利用するのが一般的／紀ノ川や日高川でも渡船,扶桑略記,紀伊長島から船で新宮へ渡り、熊野川を遡って本宮まで行く航路があった。宇多法皇は切目湊（印南町切目付近）から船で熊野神社へ向かったという（『扶桑略記』）。藤原為房も石代（南部町岩代）から大方浦（田辺市付近）まで船を利用したとみられ、淀川・熊野川間の往復や紀ノ川・日高川でも渡船が一般的に利用された。,,,2026-10-01
E0012,S0001,Kindle位置No.328,熊野古道を長年にわたって歩いてきた体験を披露し、古道を歩く楽しみを読者の皆さんと共有したい。,,,,著者（小山靖憲）自身の言葉とみられる一文。断片ではなく独立した文。,2026-10-01
E0013,S0001,Kindle位置No.337/343/346/348/361/373/374/377/379/383/385/391/391/395,奈良時代後期になると、世俗的な 官寺・氏寺 から離れ、深山に山寺・山房を営み 精進 練 行 する僧／（出典：『日本霊異記』）／永 興 禅師／下巻の第一・第二／村人が熊野川の上流の山で木を伐って船／浄 行者／永興は実在の人物／上座法師／（出典：『続日本紀』）／（出典：『いほぬし』）／三善清行 の子の 浄蔵／（出典：大法師浄蔵、他）,日本霊異記、続日本紀、いほぬし,奈良時代後期、官寺・氏寺を離れ深山に山寺・山房を営んで精進練行する僧が現れた。『日本霊異記』下巻第一・第二話に、熊野川上流の山で村人が木を伐って船を作った話、永興禅師という浄行者（実在の人物とされる）、上座法師などが登場するとみられる。『続日本紀』にも関連記事があり、『いほぬし』には三善清行の子である浄蔵（大法師浄蔵）が言及される。,,複数の説話的断片を一本につなげた再構成。話の正確なつながりは原文を要確認。位置391の2件目は「申し訳ありませんが、この形式のコンテンツは表示できません」というKindle側の表示不可メッセージで実質的な本文なし。位置395「いほぬ(し)」は位置383と同じ『いほぬし』の重複引用とみられる。,2026-10-01
E0014,S0001,Kindle位置No.408,南部の浜─牟婁の湊(田辺) の間は船を利用している可能性,,,,独立した一文。E0011（海路）と関連する内容。,2026-10-01
E0015,S0001,Kindle位置No.423,（出典：『中右記』）,中右記,,,前後に対応する水色ハイライトがなく、単独の史料名引用。文脈は原文要確認。,2026-10-01
E0016,S0001,Kindle位置No.445/445/450/450,（出典：『日本書紀』）／弥勒 下生(釈迦が入滅して五六億七千万年後に、弥勒菩薩が衆生を救うために出現すること) にそなえて経文を籠めるところ／「わうじのいはや」／王子社の初見,日本書紀,弥勒下生（釈迦入滅後五十六億七千万年後に弥勒菩薩が衆生を救うために出現するという思想）に備えて経文を納める場所として「わうじのいはや（王子の岩屋）」が現れ、これが王子社の初見とされる。,,,2026-10-01
E0017,S0001,Kindle位置No.453/462/469/471/471/472/479/480/483/484,熊野に参詣した初例は、延喜七年(九〇七) の宇多法皇／昌泰二年(八九九) 法皇となり、翌三年 金 峯 山・高野山に詣でた。延喜四年(九〇四) には 仁和寺 に 御室 をもうけ、翌五年金峯山にふたたび参詣した。／（出典：『扶桑略記』）／藤原仲平の報告によれば、／一一日には切尾湊より船で熊野神社に向かったという。／「海に 泛 び、山に 傍 い、その路はなはだ 難し」／（出典：『栄花物語』）／に「かの花山院は、 去年 の冬、山〔比叡山延暦寺〕 にて御受戒せさせ給て、その後熊野に 詣らせ給ひて、まだ帰らせ給はざんなり」／熊野への参詣はその年末か、翌永延元年(九八七)／花山天皇は永観二年(九八四) 一七歳で即位したが、いとこの皇太子( 懐 仁 親王、のち一条天皇) の外祖父である藤原兼家 の謀計によって、わずか一年一〇か月で出家させられ、退位した。,扶桑略記、栄花物語,熊野に参詣した初例は延喜七年(907)の宇多法皇とされる。宇多法皇は昌泰二年(899)に法皇となり、翌年に金峯山・高野山、延喜四年(904)に仁和寺に御室を設け、翌五年に再び金峯山に参詣し、延喜七年に熊野へ向かった。藤原仲平の報告によれば一一日に切目湊から船で熊野神社へ向かい、「海に泛び、山に傍い、その路はなはだ難し」という険しい道のりであったという（『扶桑略記』）。次に熊野詣をした例として花山天皇（法皇）が挙げられ、『栄花物語』に、比叡山で受戒した後熊野に参詣してまだ帰っていない、との記述がある。熊野参詣はその年末か翌永延元年(987)とみられる。花山天皇は永観二年(984)17歳で即位したが、藤原兼家の策謀により一年十か月で出家・退位させられた人物である。,,,2026-10-01
E0018,S0001,Kindle位置No.493/495/510/515/521,長保元年(九九九) 一一月に伊勢路経由で参詣を計画したが、左大臣藤原道長らが反対して中止／（出典：『権記』）／寛治二年(一〇八八) に高野山、同四年に熊野、同五年に再び高野山、同六年に金峯山への参詣である。／白河上皇は、寛治四年(一〇九〇) 一月一五日鳥羽離宮に行き、一六日から近臣藤原 師 信 の 直廬(宿泊所) で精進をはじめ、二二日に進発、二月二六日に帰洛した。／先達(道案内人) をつとめた 園城寺 の 増誉 が熊野三山の 検校 職に 補任,権記,長保元年(999)11月に伊勢路経由での参詣が計画されたが、左大臣藤原道長らの反対で中止になったという（『権記』。計画主体は前後の文脈からは特定できず要確認）。その後、寛治二年(1088)に高野山、同四年(1090)に熊野、同五年に再び高野山、同六年に金峯山へ参詣した例がある。白河上皇は寛治四年正月一五日に鳥羽離宮へ行き、一六日から近臣藤原師信の直廬で精進を始め、二二日に出発、二月二六日に帰京した。このとき先達（道案内人）を務めた園城寺の増誉が熊野三山検校職に任じられている。,,長保元年の参詣計画の主体が誰か、断片からは判断できないため原文要確認。,2026-10-01
E0019,S0001,Kindle位置No.546/548/560/566/567,永保元年(一〇八一)、藤原 為 房 が熊野に参詣／（出典：『大御記』）／一六日には 陰陽師 から「熊野詣 勘文」をもらって参詣の日程を確定し、それにしたがって一七日に精進屋に入っている。自宅の南隣の小屋を精進屋にし、四日間精進潔斎をつづけたのち、二一日早朝に出発した。陰陽師に占ってもらい、参詣の日程を定めること、および出発前の数日間精進屋に籠もることは、これ以後の熊野詣に共通してみられる慣行・作法である。／山崎で乗船／石清水八幡宮に奉幣,大御記,永保元年(1081)、藤原為房が熊野に参詣した記録が『大御記』にみえる。16日に陰陽師から「熊野詣勘文」を受けて日程を確定し、17日に精進屋（自宅南隣の小屋）に入って4日間精進潔斎したのち、21日早朝に出発した。陰陽師による日程占いと出発前の精進屋籠りは、以後の熊野詣に共通する慣行・作法となったという。出発後は山崎で乗船し、石清水八幡宮に奉幣した。,,,2026-10-01
E0020,S0001,Kindle位置No.571/572/587/602/603/604/604,二二日　天王寺 住吉社 和泉堺の小堂(泊)／二三日　和泉国府南郷の光明寺(泊) 二四日　 日 根 王子 二五日　紀伊国 雄 山口 湯屋(泊) 二六日　〔紀伊〕 国府南路 紀伊川( 解除) 日 前 国 懸 社 藤 代人宿(泊) 二七日　 勧学院 領宮原庄土民宅(泊) 二八日　 鹿背山中(草庵に泊)／二九日　 塩屋 上 御牧 預 宅(泊) 三〇日　 石代 住人宅(泊) 一日　　海人の舟に乗る 大方浦 三 栖 庄家(泊) 二日　　滝尻人宿(泊) 三日　　 近 湯 湯屋(河水を浴す、泊) 四日　　 三階 の人宿(内湯川に浴す、泊) 五日　　 無音 川(解除) 御前(本宮)／雄ノ山口から西に 回し、紀伊国府の南を通り日前国懸社に奉幣／石代(岩代)付近から大方浦までの間、船を利用／道中で王子社(日根王子)に奉幣／水辺で斎戒沐浴(解除)している 鎌倉期には「 垢離 を 搔 く」,,藤原為房の熊野参詣（永保元年）の具体的な旅程。22日天王寺・住吉社を経て和泉堺の小堂に泊、23日和泉国府南郷の光明寺泊、24日日根王子、25日紀伊国雄山口湯屋泊、26日紀伊国府南路を経て紀伊川で解除（みそぎ）、日前国懸社に奉幣し藤代人宿泊、27日勧学院領宮原庄、28日鹿背山中の草庵泊、29日塩屋上御牧預宅泊、30日石代住人宅泊、1日海人の舟で大方浦から三栖庄家泊、2日滝尻人宿泊、3日近湯湯屋(川で沐浴)泊、4日三階の人宿(内湯川で沐浴)泊、5日無音川で解除ののち本宮に到着、という行程。雄山口から紀伊国府南を迂回して日前国懸社に奉幣した点、石代〜大方浦間は船を使った点、道中の王子社（日根王子）への奉幣、水辺での斎戒沐浴（解除、鎌倉期には「垢離を掻く」と呼ばれた）といった作法が記されている。,,固有名詞（地名・施設名）が非常に多い箇所。ルビ抽出の影響で誤読の可能性があるため、原文で必ず確認してください。,2026-10-01
E0021,S0001,Kindle位置No.619/623/629/631/634/634,白河上皇は、永長元年(一〇九六)、皇女 郁芳門院 の死を契機に出家した。／なく、康和五年(一一〇三)、増誉が 新 熊野 社を聖護院の鎮守社として京都に勧請／白河法皇の熊野御幸は、これ以降大治三年(一一二八) の第九回参詣までつづくが、平均するとほぼ一年半に一回の頻度で、このペースが鳥羽上皇にも継承／元永元年(一一一八) の白河法皇第四回参詣のさい、関白藤原 忠 実は「毎年の御熊野詣、じつに不可思議の事なり」(『殿暦』)／参詣の回数が多ければ多いほど功徳があるという思想は、修行の度数の多さによって 臈 を積むという修験道の考え方にもとづいている。,殿暦,白河上皇は永長元年(1096)、皇女郁芳門院の死をきっかけに出家した。康和五年(1103)には増誉が新熊野社を聖護院の鎮守社として京都に勧請している。白河法皇の熊野御幸はその後大治三年(1128)の第九回まで続き、平均すると約1年半に1回の頻度で、このペースは鳥羽上皇にも引き継がれた。元永元年(1118)の白河法皇第四回参詣の際、関白藤原忠実は「毎年の御熊野詣、実に不可思議の事なり」と日記『殿暦』に記した。参詣回数が多いほど功徳があるという思想は、修行の回数を重ねて「臈」を積むという修験道の考え方に基づくという。,,,2026-10-01
E0022,S0001,Kindle位置No.1903/1905/1911/1914/1916/1916/1917/1919,「王子 とは何か」／一九九九年、南紀熊野体験博が開催されたが、それに先立って、和歌山県と関係市町村教育委員会は王子社・王子跡に統一的な説明板を設置した。／（出典：『源平盛衰記』）／八十余所／（出典：修明門院熊野御幸記）／八六／八〇／（出典：『源平盛衰記』）,源平盛衰記、修明門院熊野御幸記,「王子とは何か」という問い。1999年の南紀熊野体験博に先立ち、和歌山県と関係市町村教育委員会が王子社・王子跡に統一的な説明板を設置した。王子社の数については、『源平盛衰記』に「八十余所」、修明門院熊野御幸記に「八六」、別の箇所に「八〇」など諸説あったことが記されている。,,王子数の典拠(八六・八〇)がそれぞれどの史料に対応するか、断片だけでは一対一に確定できない。原文要確認。,2026-10-01
E0023,S0001,Kindle位置No.1923/1924/1927/1929/1937/1938/1940,（出典：『いほぬし』）／そとば(卒塔婆)のこけ(苔)にうづもれたるなどあり。かたはらに、わうじのいはや(王子の岩屋)といふあり。ただ松のかぎりある山なり」／（出典：『大御記』）／日 根 王子」／（出典：『中右記』）／二五／白 原 王子,いほぬし、大御記、中右記,『いほぬし』に「卒塔婆が苔に埋もれているものなどがあり、かたわらに『わうじのいはや（王子の岩屋）』というものがある。ただ松ばかりの山である」という記述がある。日根王子、白原王子などの固有の王子名が『大御記』『中右記』にみえる。,,「二五」が日付・回数など何を指すかは断片からは不明。,2026-10-01
E0024,S0001,Kindle位置No.1970/1976/1977/1978/1980/1983,鎌倉幕府はいっせいに王子社の修造／鎌倉中期以降、王子社の多くは衰退／王子とは、長い参詣道の途中で休憩する場所／参詣の途上に熊野三山を 遥拝 するための場所／王子から三山を遥拝した事例はみあたらない。／幣 を奉ること(奉幣)と 般若心経 などを読む経供養,,鎌倉幕府は一斉に王子社の修造を行ったが、鎌倉中期以降、王子社の多くは衰退した。王子は長い参詣道の途中の休憩場所とされ、「熊野三山を遥拝するための場所」という説もあるが、実際に王子から三山を遥拝した事例は見当たらないという。王子での儀礼は、幣を奉げること（奉幣）と般若心経などを読む経供養が基本であった。,,遥拝説を本文が否定しているとみられるが要確認。,2026-10-01
E0025,S0001,Kindle位置No.1986/1988/1990/1991/1991/1994/1994/2001/2003/2003/2006/2011/2012/2016/2021,藤原宗忠が 芳 養 王子／（出典：『中右記』）／窪津王子(／（出典：後鳥羽院熊野御幸記）／奉幣、 御拝 二度、次いで経供養・里神楽／（出典：修明門院熊野御幸記）／御 正 躰 絵馬 を神殿に打ち付けて奉幣し、ついで灯明をともし、経供養をしたのち、里神楽・馴子舞／和歌会／五躰王子／若宮・禅師 宮・聖／宮・児 宮・子守 宮／（出典：修明門院熊野御幸記）／（出典：後鳥羽院熊野御幸記）／藤代王子では奉幣ののち、里神楽・八女(八乙女)神楽・馴子舞・白拍子・参返猿楽・村猿楽／王子社での儀式は神仏が混淆,中右記、後鳥羽院熊野御幸記、修明門院熊野御幸記,藤原宗忠が芳養王子に参詣した記録が『中右記』にあり、窪津王子では『後鳥羽院熊野御幸記』によれば奉幣・御拝二度ののち経供養・里神楽が行われた。『修明門院熊野御幸記』には、御正躰絵馬を神殿に打ち付けて奉幣し、灯明をともし、経供養ののち里神楽・馴子舞、さらに和歌会が行われたとある。五躰王子（若宮・禅師宮・聖宮・児宮・子守宮）という格式の高い王子群があり、藤代王子では奉幣ののち里神楽・八女（八乙女）神楽・馴子舞・白拍子・参返猿楽・村猿楽などが行われた。王子社での儀式は神仏混淆の性格を持っていた。,,固有名詞・芸能名が多数。表記は原文要確認。,2026-10-01
E0026,S0001,Kindle位置No.2023/2044/2045/2046/2047/2047/2048/2051/2056/2060/2064/2066/2066/2068/2069,（出典：『梁塵秘抄』）／王子が熊野権現の分身として霊験あらたかに出現すると認識／王子は八幡の若宮などと同様に、熊野権現の御子神である／王子とは熊野権現の分身として出現した御子神／修験道の考えに由来／修行者を守護する神仏は童子形／大峯 には 八大童子、／城 には 七大 童子／熊野三山や先達からみれば、王子は参詣者を守護する熊野権現の御子神とみなされたが、沿道の住民からすれば、それらは在地のさまざまな神にほかならなかった。／参詣道を支配した先達／五 来 重 氏は古い民俗に根ざした樹叢信仰にもとづく叢祠／（出典：五来『熊野詣』）／戸田芳実氏は、五来氏のいう古い樹叢・叢祠にとどまらず、旅人が道中の安全を祈願する坂や峠の手向けの神も、権現の分身である王子として出現昇華したと説明／（出典：歴史と古道』）／村の鎮守もあれば、路傍の叢祠もあった。したがって、王子は神仏の宿るところなら、どこにでも出現したといわざるをえない。,梁塵秘抄、五来『熊野詣』、戸田『歴史と古道』,『梁塵秘抄』などにみえるように、王子は熊野権現の分身として霊験あらたかに出現する御子神（八幡の若宮などと同様の存在）と認識され、この考え方は修行者を守護する神仏を童子形とする修験道の思想（大峯の八大童子、葛城の七大童子など）に由来する。熊野三山や先達からみれば王子は参詣者を守護する熊野権現の御子神だが、沿道の住民からすればそれは在地の神にほかならなかった。王子の起源について、五来重氏は古い樹叢信仰に基づく叢祠（小さな祠）に求め、戸田芳実氏はそれに加えて旅人が坂や峠で道中の安全を祈る「手向けの神」も王子として出現したと説明する。村の鎮守も路傍の叢祠もあり、王子は神仏の宿る所ならどこにでも出現したといえる。,,「城」は文脈上「葛城」の誤抽出の可能性が高い（大峯=吉野、七大童子は葛城修験に関する記述）。原文要確認。,2026-10-01
E0027,S0001,Kindle位置No.2076/2076/2078/2081/2082/2085/2088/2088/2092/2094,王子の原型はおそらくこの宿(靡)／熊野詣の先達をつとめた園城寺・聖護院系の山伏によって、参詣道に持ち込まれた／五来氏はその後、修験の特徴を各地にみられる 辺 路 修行(人跡まれな辺地での修行) にもとめ、それには山の修験だけでなく、海の修験もあり、大辺路や四国遍路など海岸の辺路に祀られた海洋神も王子の原型の一つであるとする新説をとなえられた(／（出典：『遊行と巡礼』）／海の修験は新しく、中世の代表的な修験の一つである 城 修験も和泉山脈西端の 賀太 から／友ケ島(和歌山市) はふくまれていない。／大辺路／南北朝期以前にはさかのぼらず、比較的新しいものが多い／熊野詣を主導した園城寺・聖護院系山伏の勤行の流儀／院政期熊野詣の政治的所産,遊行と巡礼,王子の原型はおそらく修験道の行場である「宿（靡）」であり、熊野詣の先達を務めた園城寺・聖護院系の山伏によって参詣道に持ち込まれたとされる。五来重氏はさらに、辺路修行（人跡まれな辺地での修行）には山の修験だけでなく海の修験もあり、大辺路や四国遍路など海岸部の辺路に祀られた海洋神も王子の原型の一つだとする新説を唱えた（『遊行と巡礼』）。海の修験は比較的新しく、中世を代表する修験の一つである葛城修験も和泉山脈西端の賀太から始まり（友ヶ島は含まれない）、大辺路自体も南北朝期以前にはさかのぼらない比較的新しいルートが多い。熊野詣を主導した園城寺・聖護院系山伏の勤行の流儀は、院政期の熊野詣の政治的所産でもあったとされる。,,「城修験」は文脈上「葛城修験」の可能性が高い。,2026-10-01
E0028,S0001,Kindle位置No.2098/2100/2102/2103/2104/2107/2119/2126,熊野は、高野山などの山岳寺院とちがって、女性の参詣に広く門戸を開いていた。／待賢門院／待賢門院・修明門院／北野殿(／藤原 全 子／（出典：『中右記』）／（出典：『古今著聞集』）／（出典：『中右記』）,中右記、古今著聞集,熊野は高野山などの山岳寺院と異なり、女性の参詣に広く門戸を開いていた。待賢門院・修明門院、北野殿、藤原全子など、女院・女性による熊野参詣の具体例が『中右記』『古今著聞集』にみえる。,,,2026-10-01
E0029,S0001,Kindle位置No.2156,土車に綱をつけ、沿道の人が順番に引くことによって熊野まで到達できた,,歩行が困難な参詣者が土車に乗り、綱をつけて沿道の人々が順番に引くことで熊野まで到達できたという慣行があったことを示す一文。,,直前の文脈（誰についての記述か）は断片からは不明。原文要確認。,2026-10-01
E0030,S0001,Kindle位置No.2171/2181,熊野は高野山から難癖をつけられ、高野山が「鎮国安民の道場、高祖明神常住の 霊 崛(国をしずめ民を安らかにする道場で、弘法大師が常住している霊妙なところ)」で「 上品上生」であるのに対し、熊野は「他国降臨の神躰、男女 猥雑 の 瑞籬(外国から来臨した神を祀っていて、境内には男女が入り乱れている)」から「 中品 上生」に過ぎない、／（出典：いる(『高野山文書』又続宝簡集一七六八号)）,高野山文書 又続宝簡集一七六八号,熊野は高野山側から難癖をつけられ、高野山は「鎮国安民の道場であり、弘法大師が常住する霊妙な高祖明神常住の霊崛」であって極楽往生の「上品上生」にふさわしいのに対し、熊野は「他国から来臨した神を祀り、男女が入り乱れる瑞籬」にすぎず「中品上生」に過ぎないと主張されたという。,,,2026-10-01
E0031,S0001,Kindle位置No.2214/2215/2229/2229/2233,接待の大営」／恵( 賢 心 上人)という臨済宗 法灯派の僧侶／（出典：西垣晴次『お伊勢まいり』）／抖 藪 は回数の多さによって 臈 を積み、行を練ることができるとされた。,西垣晴次『お伊勢まいり』,「接待の大営」という語や、賢心上人という臨済宗法灯派の僧侶が言及される（西垣晴次『お伊勢まいり』参照）。抖藪（山伏の修行）は回数を重ねることで「臈」を積み、行を練ることができるとされた。,,「恵」と「賢心上人」の関係（同一人物か）は断片からは不明瞭。原文要確認。位置2229は「西垣晴」と「次『お伊勢まいり』)。」の2件のハイライトに分かれていたが、同一の文献引用（西垣晴次『お伊勢まいり』）とみて1つにまとめた。,2026-10-01
E0032,S0001,Kindle位置No.2254/2266/2270/2282/2283/2293/2298/2305/2305/2309/2316,藤原 資 実・頼資／為房の『大御記』、経房の『吉記』、経俊の『経俊 記』)／（出典：『中右記』）／住心院実意／そもそも権現の、紀伊国牟婁郡にはるばると 迹 を垂れ給う事は、川をへだて山をかさねて、参詣の 衆生 に難行苦行の功をつませて、この度すみやかに 出離 得 脱せさせんとの 御 誓いなり。これによりて、 一天 の君、 万乗 の 主 も、この道におもむき給いては、身命をおしみ／給わぬものなり。／悪業 煩悩 の 垢 をすすぐ」／苦行滅罪の旅」／抖 藪 と呼ばれた山伏の修行を、一般の俗人に適用したものが熊野詣の道中での作法／南紀熊野体験博の期間は、一九九九年四月二九日から九月一九日／代表的な参詣について、出京と帰洛の月日(,大御記、吉記、経俊記、中右記,藤原資実・頼資など、為房の『大御記』・経房の『吉記』・経俊の『経俊記』、『中右記』といった公家の日記に熊野詣の記録が残る。住心院実意は、熊野権現が紀伊国牟婁郡に遠く迹を垂れたのは、川を隔て山を重ねた難行苦行を参詣者に積ませ、速やかに出離得脱させるための誓いであり、それゆえ天皇や最高権力者もこの道では身命を惜しまないものだと述べ、「悪業煩悩の垢をすすぐ」「苦行滅罪の旅」と表現している。山伏の修行である抖藪を一般の俗人に適用したものが、熊野詣の道中作法だったという。南紀熊野体験博の会期は1999年4月29日から9月19日。代表的な参詣者について、出京と帰洛の月日を一覧化した記述が続く。,,出京・帰洛月日の一覧表自体は断片化されており内容不明。原文（表）を直接参照する必要あり。,2026-10-01
E0033,S0001,Kindle位置No.2363/2390/2396/2403/2404/2407/2407,中世の伊勢が神仏混淆の社／本宮からは 車 峠 越 で湯峯にはいり、 赤木 越 で 三越 峠にいたり、旧来の中辺路にでる。／船玉神社付近で中辺路にでて三越峠／西国巡礼は熊野詣を包摂／園城寺の 覚 忠／（出典：『寺門高僧記』）／法華経』 普門品 に、観世音菩薩 が衆生を救うために、三十三身に姿をかえて現れるという説,寺門高僧記,中世の伊勢神宮も神仏混淆の社であった。本宮からは車峠越で湯峯に入り、赤木越で三越峠に至って旧来の中辺路に出るルート、また船玉神社付近で中辺路に出て三越峠に向かうルートがあった。西国巡礼は熊野詣を包摂する形で成立し、園城寺の覚忠（『寺門高僧記』）が、『法華経』普門品にある観世音菩薩が衆生を救うため三十三身に姿を変えて現れるという説に基づき、三十三所巡礼を行ったとされる。,,,2026-10-01
E0034,S0001,Kindle位置No.2419/2421/2424/2428/2432/2435/2441/2447/2447/2447/2448/2460,園城寺覚忠の巡礼／最後は宇治の 三室戸寺 でおわっている。／（出典：『寺門高僧記』）／第一番を 長谷寺／本来は多様な巡礼路があった／近世には西国巡礼のほか、坂東三十三所巡礼や秩父巡礼、あるいは四国八十八所巡礼(四国遍路)が盛んになった。／六十六部 と称する、国ごとに一か所ずつ法華経を埋経・納経して歩いた 国 聖／本尊巡礼／聖地(聖跡)巡礼／本尊巡礼の典型は、観世音菩薩 を祀る霊場をめぐる西国・坂東・秩父などの巡礼／聖地(聖跡)巡礼の典型は、四国遍路や六十六部の 国 であるが、熊野詣や伊勢参宮も広義にはこのタイプ／回遊型巡礼の本来の精神は、本尊や祖師の遺跡などをめぐって歩くことにあるが、物見遊山的要素がしだいにふえていくことも否定できない。,寺門高僧記,園城寺覚忠の巡礼は第一番を長谷寺とし、最後は宇治の三室戸寺で終わっている（『寺門高僧記』）。本来は多様な巡礼路があったが、近世には西国巡礼のほか坂東三十三所巡礼・秩父巡礼・四国八十八所巡礼（四国遍路）が盛んになった。また、国ごとに一か所ずつ法華経を埋経・納経して歩く「六十六部」と称する国聖もいた。巡礼は、観世音菩薩を祀る霊場をめぐる西国・坂東・秩父などの「本尊巡礼」と、四国遍路や六十六部国のような「聖地（聖跡）巡礼」に大別され、熊野詣や伊勢参宮も広義には聖地巡礼のタイプに含まれるという。回遊型巡礼の本来の精神は本尊や祖師の遺跡を巡り歩くことにあるが、次第に物見遊山的要素が増えていったことも否定できないとされる。,,,2026-10-01
E0035,S0001,Kindle位置No.2469/2472/2472/2474/2482/2482/2484,一九七八年、文化庁は、熊野参詣道を奥の細道、中山道とともに、最初の「歴史の道」に指定した。／滝尻～本宮／那智～ 請 川／大門 坂・大雲取越・小 雲 取 越／一九／八七年に国の史跡／熊野参詣道では、史跡指定箇所のほか、紀伊路の潮見峠越と 鹿ケ瀬 峠、伊勢路の 馬越峠と 八 鬼 山 越 が百選に選ばれている。,,1978年、文化庁は熊野参詣道を『奥の細道』『中山道』とともに最初の「歴史の道」に指定した。滝尻〜本宮間、那智〜請川間、大門坂・大雲取越・小雲取越などの区間が対象で、1987年には国の史跡に指定された。史跡指定箇所のほか、紀伊路の潮見峠越と鹿ケ瀬峠、伊勢路の馬越峠と八鬼山越は「日本の道百選」に選ばれている。,,,2026-10-01
E0036,S0001,Kindle位置No.2491/2491/2502/2504/2513/2514/2518/2519/2533/2534,一九七七年一二月／戸田芳実氏／道もブッシュや崩落で寸断されており、先達役の戸田氏もあちこちで迷う／舟 見 峠付近でブッシュにはばまれ、やむなく林道におりて地蔵茶屋／当時は橋のない箇所が多くて歩くことができず、／三越峠では山林を伐採中で湯川方面にくだる道がわからず、これを見つけるのに時間がかかった。／栃 ノ 河／少し古い地形図では実際より少し南に記されていたのである。／スポーツ派／歴史派,,1977年12月、戸田芳実氏らによる踏査の様子。道はブッシュや崩落で寸断され、先達役の戸田氏もあちこちで迷った。舟見峠付近ではブッシュに阻まれやむなく林道に下りて地蔵茶屋に出たり、当時は橋のない箇所が多く歩けなかったり、三越峠では伐採中で湯川方面へ下る道が分からず時間を要したりした。栃ノ河は少し古い地形図では実際より南に記されていたという。古道を歩く人には「スポーツ派」と「歴史派」の2タイプがあるとされる。,,,2026-10-01
E0037,S0001,Kindle位置No.2577/2581/2584/2587/2593/2599,小栗 街道」／鎌倉幕府が 湯 浅 宗 弘 に久米崎王子社の修理を命じた、／関東 御教書(崎山家文書)／熊野道王子社」／和泉国 日 根 荘 日根野村荒野絵図(九条家文書)／平安時代以降は南海道,,紀伊路は「小栗街道」とも呼ばれる。鎌倉幕府が湯浅宗弘に久米崎王子社の修理を命じたことが関東御教書（崎山家文書）にみえ、和泉国日根荘日根野村荒野絵図（九条家文書）にも「熊野道王子社」の記載がある。平安時代以降、このルートは南海道でもあった。,,「小栗街道」の由来（小栗判官伝説）は断片からは言及されていない。,2026-10-01
E0038,S0001,Kindle位置No.2624/2624/2643/2645/2678/2678/2683/2686/2692,近年は松も植えられている。／巨勢金岡／（出典：北野殿熊野詣日記）／和歌・吹上・玉津嶋、御目の前に見えたり。／病弱な定家／シヽノせ山を 攀じ昇る。 崔嵬 嶮岨、 巌 石 昨日〔蕪坂・糸我坂〕 に異ならず」／藤原宗忠も「鹿瀬山を登る。坂を登るの間十八町、その路甚だ嶮岨、身力已に尽く」／ところどころに 平な石をはめたセンスのない道路に舗装整備されている。／新造の石畳は二〇〇メートル足らずであるが、まことに歩きにくい。,北野殿熊野詣日記,和歌の浦周辺は近年松が植えられており、画家巨勢金岡にまつわる伝承もある。『北野殿熊野詣日記』には「和歌・吹上・玉津嶋が目の前に見えた」との記述がある。病弱な藤原定家は「シシノセ山を攀じ登る。険しくそそり立つ岩山で、昨日〔蕪坂・糸我坂〕に劣らない」と記し、藤原宗忠も「鹿瀬山を登る。坂を登ること十八町、その路は非常に険しく、体力を使い果たした」と記している（いずれも鹿瀬山の険しさを示す記述）。現代ではところどころ平らな石をはめたセンスのない舗装がされており、新しく作られた二〇〇メートルほどの石畳も実際には非常に歩きにくいと著者は評している。,,,2026-10-01
E0039,S0001,Kindle位置No.2708/2746/2763/2764/2768/2769/2779/2785/2789/2794/2796/2799/2800,連同持)、／出立 王子(田辺王子)／（出典：『西行物語絵巻』）／（出典：『中右記』）／大岳 坂上に 於 て 祓 す。坂より下り 伊 奈 波 王子社に参り奉幣す」／稲葉山麓を巡り、稲葉根王子に参る」／（出典：『中右記』）／鮎川 王子(大塔村) から 滝尻 へは富田川左岸の険しい山を越えるのが本来のルート／主たる機能は案内所／（出典：『中右記』）／昔は神社の右脇のもっと急な坂をのぼっていた／胎内くぐりの 乳 岩、,西行物語絵巻、中右記,出立王子（田辺王子）から熊野道が続く。『中右記』には「大岳の坂上で祓いをし、坂を下って伊奈波王子社に参り奉幣した」「稲葉山麓を巡って稲葉根王子に参った」との記述がある。鮎川王子（大塔村）から滝尻へは、富田川左岸の険しい山を越えるのが本来のルートであった。王子の主たる機能の一つは案内所的なものだったとされる。滝尻付近では、昔は神社の右脇のもっと急な坂を上っており、胎内くぐりの「乳岩」という名所がある。,,冒頭の「連同持」は前後の文脈が切れており意味不明。原文要確認。,2026-10-01
E0040,S0001,Kindle位置No.2811/2813/2817/2823/2823/2824/2825/2826/2829/2831/2833/2839/2839/2843/2843/2846/2857/2861,ここから先の参詣道には問題がある。高原へは車道を通らないで、左側に新しく整備された道を行くことになっている。／新たに造られた道にはＮＨＫの中継所があるところに急な階段が造成されている／応永一〇年(一四〇三) の 懸仏 があり、その銘に 若王子 を勧請した／吉田経房だけが雨のため高原で昼食／（出典：『吉記』承安四年九月三〇日）／藤原宗忠はわざわざ高原を過ぎた山中の水飲の仮屋／北野殿／集落の形成は南北朝／大門 王子跡にいたるが、この王子も先の不寝王子などと同様に、中世の文献にはみえない。／享保年間に紀州藩が 緑泥片岩 の碑／（出典：『西行物語絵巻』の八上王子を模したと思われる社殿）／重點」を「重照」と書き誤り、さらに「十丈」／に転化／タワとは、たわんで低まったところ／（出典：『中右記』）／（出典：『一遍上人絵伝』）／花山法皇をイメージしたものともいわれるが、並んでたつ 役 行者 像と同じ明治二四年(一八九一) ごろのもので、牛馬童子の名も自分がつけたという郷土史家の話を聞いたことがある。／文化財としての価値が高いのは、すぐ近くにある中世末の宝篋印塔,吉記、西行物語絵巻、一遍上人絵伝、中右記,高原に至る参詣道には問題があり、現在は車道を通らず左側の新しく整備された道（NHK中継所のある箇所に急な階段あり）を通ることになっている。応永10年(1403)の懸仏があり、その銘に若王子を勧請したことが記される。吉田経房は雨のため高原で昼食をとり（『吉記』承安四年九月三〇日）、藤原宗忠はわざわざ高原を過ぎた山中の水飲の仮屋で休んだ。北野殿も参詣しており、この一帯の集落形成は南北朝期とされる。大門王子跡に至るが、この王子も不寝王子などと同様、中世の文献には見えない新しいものである。享保年間に紀州藩が緑泥片岩の碑を建てたほか、『西行物語絵巻』の八上王子を模したと思われる社殿がある。「重點」が「重照」と書き誤られ、さらに「十丈」に転化したという地名の変遷があり、「タワ」とは撓んで低くなった地形を指す。牛馬童子像は花山法皇をイメージしたものともいわれるが、実際は隣の役行者像と同じ明治24年(1891)頃の作で、名前も郷土史家が自分でつけたと聞いたという。この付近で文化財として価値が高いのは、近くにある中世末の宝篋印塔である。,,固有名詞・地名の変遷説明が複雑なため、原文で正確な表記を確認してください。,2026-10-01
E0041,S0001,Kindle位置No.2880/2880/2882/2889/2896/2909/2912/2919/2923/2923,（出典：中右記）／仲野川(野中川)／蘇 波々 多／都 千 の谷／南北朝期／女坂をくだって栃ノ河を渡り、再び急坂をのぼり、岩神峠に向かう。この急坂が男坂で、先の女坂とあわせて夫婦坂といい、ふもとの茶屋を 媒人 茶屋と呼んだらしい。／岩神峠は王子跡らしき痕跡があるものの、何の変哲もない峠／喘息 に効験がある／道湯川は一九六三年に廃村／王子社だけは旧住民によって近年再建,中右記,仲野川（野中川）、蘇波々多、都千の谷などの地名が『中右記』にみえる（南北朝期に関連）。女坂を下って栃ノ河を渡り、再び急坂を上って岩神峠に向かうが、この急坂を男坂といい、先の女坂とあわせて「夫婦坂」と呼ばれ、ふもとの茶屋は「媒人茶屋」と呼ばれたという。岩神峠には王子跡らしき痕跡があるが何の変哲もない峠である。道湯川は喘息に効験があるとされた地だったが、1963年に廃村となり、王子社だけは旧住民によって近年再建されたという。,,,2026-10-01
E0042,S0001,Kindle位置No.2984/3008/3021/3022/3023/3032/3033/3067,補陀落山寺には平安後期の作といわれる千手観音像／宿坊 尊勝 院／那智湾がのぞめたのでこの名があるが、現在は眺望がきかない。／近ごろ舗装された／三三体の地蔵を祀る地蔵堂／中根の旅籠跡／円座 石／湯峰王子が祀られているが、これは新しく、中世の参詣記には登場しない。,,補陀落山寺には平安後期の作といわれる千手観音像があり、宿坊として尊勝院があった。大雲取越周辺には、かつて那智湾が望めたことから名がついたが現在は眺望がきかない地点、近ごろ舗装された箇所、三三体の地蔵を祀る地蔵堂、中根の旅籠跡、円座石などがある。湯峰王子も祀られているが、これは新しいもので中世の参詣記には登場しない。,,,2026-10-01
E0043,S0001,Kindle位置No.3085/3095/3096/3105/3106/3107/3114,かつては那智から来た西国巡礼者がここで初めて海(田辺湾) をみることができた。峠付近は植林されていて、眺望はまったくきかなかったが、近ごろ所有者の粋なはからいで、人工林が伐採され、三〇年ぶりに海のみえる景色が復活したという。／潮見峠が「塩見坂」として文献史料にはじめて登場するのは、室町初期の応永一六年(一四〇九) である。／室町幕府は、小松原(御坊市)・山東(和歌山市)・近露(中辺路町)・塩見坂(同) の四か所に関所／安全かつ距離の短い潮見峠越の参詣道がひらかれたこと／は容易に理解できる。また、このような派生ルートができる背景には、これまで中辺路を支配してきた園城寺・聖護院系の山伏の力が衰えはじめたこと／室町時代にすべての参詣者が潮見峠越に移ったのではなく、応永三四年(一四二七) の北野殿の参詣のように、旧来の中辺路ルートを利用している例もある。／いずれも元来は住民の生活道路,醒睡笑,潮見峠はかつて那智から来た西国巡礼者が初めて海（田辺湾）を見ることができた場所で、峠付近は植林により眺望がきかなかったが、近ごろ所有者の計らいで人工林が伐採され、三〇年ぶりに海の見える景色が復活したという。潮見峠が「塩見坂」として文献に初めて登場するのは室町初期の応永16年(1409)で、室町幕府は小松原(御坊市)・山東(和歌山市)・近露(中辺路町)・塩見坂(同)の四か所に関所を置いた。安全かつ距離の短い潮見峠越の参詣道が開かれた背景には、それまで中辺路を支配してきた園城寺・聖護院系山伏の力の衰えがあったと考えられる。ただし室町時代にすべての参詣者が潮見峠越に移ったわけではなく、応永34年(1427)の北野殿の参詣のように旧来の中辺路ルートを使う例もあった。これらのルートはいずれも元来は住民の生活道路であった。,,,2026-10-01
E0044,S0001,Kindle位置No.3116/3130/3137/3140/3146,（出典：『醒睡笑』）／安楽庵策伝／土居 清 良／（出典：『清良記』）／高野山に参詣し、 小田原 谷 の 上 蔵 院 で先祖の供養をしたのち、熊野に向かい、大滝・大股 をへて、 五百瀬 の 神納川では弓の名所だとして大量の弓をもとめ、 矢倉 には一日 留し、 柳本 の渡しをへて果無山を越え、 焼尾 谷(八木尾谷)から本宮に到着している。ついで、「雲取・小雲取と 云 大難所」を越えて那智に参拝し、さらに浜の宮をへて新宮に参拝したのち、先祖の旧里という 木本 の土居(熊野市) をたずね、伊勢に向かっている。,醒睡笑、清良記,『醒睡笑』の作者安楽庵策伝や、土居清良（『清良記』）が言及される。土居清良は高野山に参詣し小田原谷の上蔵院で先祖供養をしたのち熊野へ向かい、大滝・大股を経て、弓の名産地とされた五百瀬の神納川で大量の弓を求め、矢倉に一泊、柳本の渡しを経て果無山を越え、焼尾谷（八木尾谷）から本宮に到着。続いて「雲取・小雲取という大難所」を越えて那智に参拝し、浜の宮を経て新宮に参拝したのち、先祖の旧里という木本の土居（熊野市）を訪ね、伊勢へ向かったという小辺路経由の旅程が記されている。,,,2026-10-01
E0045,S0001,Kindle位置No.3164/3167/3168/3171/3172/3172/3190/3191/3194/3194/3195/3196/3196/3199,（出典：『熊野案内記』）／（出典：『熊野めぐり』）／（出典：『三熊野参詣道中記』）／小辺路は大坂方面から熊野に参詣するのに好都合なルートとして開かれた／（出典：神道）／神納川と柳本で渡し船／神納川では船賃を高くねだり取られ、柳本では常水(六文)・中水(一八文)・大水(三〇文) と、水量によって三段階に船賃が設定されていた／玉置善／（出典：玉置「埋もれた熊野参詣路」）／（出典：宇江『木の国紀聞』）／（出典：『熊野古道 小辺路調査報告書』）／一九九五年一一月二三～二六日,熊野案内記、熊野めぐり、三熊野参詣道中記、玉置「埋もれた熊野参詣路」、宇江『木の国紀聞』、熊野古道小辺路調査報告書,小辺路は大坂方面から熊野に参詣するのに好都合なルートとして開かれたとされ、『熊野案内記』『熊野めぐり』『三熊野参詣道中記』などの近世の案内記にその様子が記される。神納川・柳本では渡し船が利用され、神納川では船賃を高くねだり取られたとの記録があり、柳本では常水（六文）・中水（十八文）・大水（三十文）と水量によって三段階の船賃が設定されていた。玉置善（玉置「埋もれた熊野参詣路」）や宇江『木の国紀聞』、『熊野古道小辺路調査報告書』などが調査の典拠として挙げられ、1995年11月23〜26日の調査日程が記されている。,,「（出典：神道）」は断片が不完全で、どの文献・誰の著作かは原文要確認。,2026-10-01
E0046,S0001,Kindle位置No.3207/3216/3231/3249/3260/3260/3263/3265/3265,一九九一年以降、 水 ケ 峰 ～大股間の古道がズタズタにされてしまった。／伯母子峠は伯母子岳の北側を巻いた東にあり、ここには山小屋もある。／廃村となった矢倉にはいる道を探すのに苦労した。／観音石像は、大正一一年(一九二二) に建立された西国三十三所観音のミニチュア／（出典：『熊野めぐり』）／水ケ峯・待 平・石 楠 辺 の険しいくだりに石畳が敷かれて／果無のぼり口の桑畑村には、「 道 造 勧進所」があった／（出典：『三熊野参詣道中記』）／道 作 の小家」,熊野めぐり、三熊野参詣道中記,1991年以降、水ヶ峰〜大股間の古道が工事等でズタズタにされてしまったという。伯母子峠は伯母子岳の北側を巻いた東側にあり、山小屋もある。廃村となった矢倉に入る道を探すのに苦労したという踏査時の記述がある。観音石像は大正11年(1922)に建立された西国三十三所観音のミニチュアで、水ヶ峰・待平・石楠辺の険しい下りには石畳が敷かれている（『熊野めぐり』）。果無の登り口にあたる桑畑村には「道造勧進所」（『三熊野参詣道中記』には「道作の小家」）があったという。,,,2026-10-01
E0047,S0001,Kindle位置No.3278/3286/3314/3319/3321/3327/3329/3330,仏坂は現在通行がむずかしい／古い道案内では林道を経由するように指示してあるが、最近整備されたので、古道がよみがえった。／近世には一里塚／十九 淵 には、中世に富田若一王子権現と呼ばれた 日 神社がある。／南北朝期／河内の俳人 寺内 安 林／小辺路経由で熊野三山に参詣したが、帰路は大辺路／大辺路街道筋には那智より藤代峠まで四八坂,,仏坂は現在通行が難しく、古い道案内では林道経由を指示していたが、最近整備されて古道が復活したという。近世には一里塚が設けられ、十九淵には中世に富田若一王子権現と呼ばれた日神社がある（南北朝期に関連）。河内の俳人寺内安林は小辺路経由で熊野三山に参詣し、帰路は大辺路を利用した。大辺路の街道筋には那智から藤代峠まで「四八坂」と呼ばれる坂道があった。,,,2026-10-01
E0048,S0001,Kindle位置No.3334/3335/3337/3346/3346/3351/3354/3357,（出典：玉川玄竜の『熊野巡覧記』）／（出典：熊代 繁 里 は、『熊野日記』）／幕末には 南部 の自宅から大辺路を通って熊野に行くことが多く、帰路は、急ぐときは中辺路、余裕のあるときは大辺路／大辺路を「文人墨客の道」／（出典：『日本 九 峰 修行 日記』）／野田 成 亮／周参見から三里の峠を越えて 安宅 村／浜づたいに行く脇道も一応はあり、近世の街道も単線ではなかったのである。,玉川玄竜『熊野巡覧記』、熊代繁里『熊野日記』、日本九峰修行日記,玉川玄竜の『熊野巡覧記』や熊代繁里の『熊野日記』など、大辺路を記した紀行文が残る。幕末には南部の自宅から大辺路を通って熊野に行くことが多く、帰路は急ぐときは中辺路、余裕のあるときは大辺路を使ったという例があり、大辺路は「文人墨客の道」とも称される。野田成亮の『日本九峰修行日記』には、周参見から三里の峠を越えて安宅村に至る行程が記されている。浜づたいに行く脇道も一応あり、近世の街道も単線ではなかったとされる。,,,2026-10-01
E0049,S0001,Kindle位置No.3360/3362/3362/3368/3372/3380,伊勢路は平安時代以来の参詣道／藤原実重／月参りの聖や道者のために湯供養／室町時代の一五世紀後半以降には、伊勢路の復活／伊勢路の「歴史の道」調査／伊勢路の起点は、伊勢本街道と分岐する 田丸(玉城町),,伊勢路は平安時代以来の参詣道であり、藤原実重が月参りの聖や道者のために湯供養を行った記録がある。室町時代の15世紀後半以降、伊勢路は復活したとされ、「歴史の道」調査も行われている。伊勢路の起点は、伊勢本街道と分岐する田丸（玉城町）である。,,,2026-10-01
