No,物件名,タイプ,部屋数/収容,評価,レビュー件数,年間収益(円),稼働率,ADR(円),備考
1,Chonaka Stay Mune House roomB,Private Room,-,4.83,12,560975,26.6%,5814,
2,"Private lodging in a world heritage city, 5 minutes by car to Japan's three most famous waterfalls",Private Room,-,4.87,106,781960,33.4%,6335,
3,AsahiHouse2/NearBusStop/Convenient for KumanoKodo,Private Room,1 bed・1 bath・4 guests,4.89,27,251793,36.7%,4564,
4,Good for long stay|Playroom for infants~水-sui-,Entire Place,1 bed・1 bath・8 guests,4.77,47,1566277,30.7%,12474,
5,Recommended for travelers! Western-style room for up to 3 people,Private Room,-,5,4,166712,11.0%,3773,
6,那智の里 Accommodation along the Kumano Kodo trail,Private Room,-,4.65,20,572805,22.2%,8487,
7,202 Midtown Sakura Aprtment House,Entire Place,2 beds・1 bath・6 guests,4.77,62,2030098,10.1%,55226,
8,那智の里 Accommodation along the Kumano Kodo trail,Entire Place,1 bed・1 bath・7 guests,4.76,17,589498,23.0%,10496,
9,[3-minute walk from the station] Japanese-style room (Renovated Jan 2025),Private Room,1 bed・1 bath・3 guests,4.75,28,1652348,43.0%,10465,
10,Tamura sea,Entire Place,3 beds・1 bath・6 guests,4.98,81,1215582,32.3%,10300,
11,"204. World Heritage Mt. Nachi, futon stay, 2 min walk from Kii-Katsuura Station",Private Room,1 bed・1 bath・4 guests,4.87,69,578864,19.5%,7813,
12,"In front of station ""KUMANO KODO Capsule"" bed room",Shared Room,-,4.8,122,276408,14.5%,4931,
13,Machinaka Stay Mune House room C,Private Room,-,4.92,13,209884,9.3%,5861,
14,AsahiHouse1/NearBusStop/Convenient for KumanoKodo,Private Room,1 bed・1 bath・2 guests,4.88,16,211048,34.0%,4214,
15,Ricco Mond Hills Apartment House,Private Room,2 beds,5,20,351545,3.0%,30262,
16,Entire house near World Heritage Kumano Kodo Daimonzaka,Entire Place,1 bed・1 bath・4 guests,4.97,39,1299357,38.6%,8902,
17,"Entire house rental for relaxation, large discount plan available",Entire Place,1 bed・1 bath・6 guests,4.42,38,89832,3.3%,7192,
18,Cozy room in the remote Organic farm,Private Room,-,5,14,814525,21.6%,9846,
19,Kumano Kodo Entire House/CHILL HOUSE,Entire Place,1 bed・1 bath・6 guests,4.81,16,2338035,27.1%,24152,
20,"Fudosaka, mountain cabin style with view of 3600 peaks of Kumano",Entire Place,1 bath・4 guests,4.98,94,2226299,67.1%,9055,
21,Zen Resort Temple Hotel Daitaiji along Kumanokodo,Private Room,1 bed・1.5 baths・2 guests,4.77,26,2712912,42.5%,18655,
22,"Entire house in a World Heritage City, 5-min drive to Nachi Falls",Entire Place,3 beds・1.5 baths・8 guests,4.89,95,2485008,46.3%,14159,
23,102 Midtown Sakura Apartment House,Entire Place,2 beds・1 bath・6 guests,4.84,284,2277715,10.7%,56789,
24,"202. World Heritage Mt. Nachi, convenient access to markets, 2-min walk from Kii-Katsuura Sta",Private Room,-,4.9,78,368089,15.9%,5966,
25,The Good place for hiking~Vacation rentals 雲-un-,Entire Place,2 beds・1 bath・7 guests,4.32,34,830353,18.9%,10961,
26,"203. Reasonably priced room, convenient access to World Heritage Mt. Nachi, 2-min walk",Private Room,-,4.89,198,717505,34.0%,5560,
27,"Recommended for travelers. 10-min walk from JR Nachi Station, Japanese-style room up to 3",Private Room,-,4.6,5,132445,9.6%,3447,
28,[TEMPLE HOTEL DAITAIJI] A spacious Japanese room,Entire Place,5 beds・1.5 baths・8 guests,4.98,56,11626954,52.3%,58403,
29,"Private lodging in a World Heritage City, 5-min drive to Japan's three most famous waterfalls",Private Room,1 bed,4.97,70,1142991,51.0%,5947,
30,"The entire building can be rented for up to 9 people, home-like atmosphere",Entire Place,4 beds・1 bath・9 guests,4.67,6,3505822,29.6%,31732,
31,Nachi Falls・Kumano Kodo /Entire House/庭園/BBQ/P/自転車,Entire Place,3 beds・1 bath・8 guests,5,81,1886859,28.8%,17200,
32,Kumano Kodo Private Stay/ALLEY HOUSE 2,Entire Place,1 bed・1 bath・4 guests,4.78,9,342619,7.1%,17933,
33,101 Midtown Sakura Apartment House,Entire Place,2 beds・1 bath・6 guests,4.68,47,2434330,12.9%,51145,
34,[6-minute walk from the station] Private accommodation/Maximum 6 people,Entire Place,2 beds・1 bath・6 guests,4.81,42,4681821,43.6%,28341,
35,"Good access to tourist destinations such as Nachi Falls, Kumano Nachi Taisha Shrine, Daimonzaka",Entire Place,1 bed・1 bath・7 guests,4.92,13,589934,16.7%,9873,
36,Remote Homestay,Private Room,-,4.95,197,2511814,65.5%,9998,
37,"Recommended for solo travelers. From JR Nachi Station 10-min walk, Single room",Private Room,-,4.71,7,232205,26.1%,3377,
38,Just in front of KiiKatsuura station Private room,Private Room,1 bed・1 bath・2 guests,4.75,12,907085,18.4%,12774,
39,[1 minute walk from the station] Entire house for rent/Maximum 6 people,Entire Place,1 bed・1 bath・6 guests,4.83,6,5012060,49.0%,27879,
40,Japanese style house by the seaside~流-ryu-,Entire Place,4 beds・1 bath・10 guests,4.72,117,2381226,46.0%,12820,
41,The House of Ocean,Entire Place,3 beds・1 bath・7 guests,5,22,2249926,17.5%,30857,
42,"Japanese-style room for 2 guests, 10-min walk from JR Nachi Station",Private Room,-,4.6,5,140643,12.3%,3011,
43,Private vacation house Kokoyui B,Entire Place,1 bed・1 bath・3 guests,5,3,339738,3.6%,25745,
44,町中ステイ 宗ハウス RoomA,Private Room,-,4.68,22,498372,21.4%,6205,
45,The good place for hiking|Cozy 4 beds~行-kou-,Entire Place,1 bed・1 bath・6 guests,4.49,51,1082719,22.2%,11599,
46,"Recommended for travelers. 10-min walk from JR Nachi Station, Western-style room up to 3",Private Room,-,4.75,4,160233,10.7%,3673,
47,[5-minute walk from the station] Private house/maximum 4 people,Entire Place,1 bed・1 bath・4 guests,4.56,9,3053072,33.4%,24038,
48,[4-minute walk from the station] Entire inn/up to 7 people,Entire Place,3 beds・1 bath・7 guests,4.78,9,925511,10.4%,23763,
49,"5. World Heritage Mt. Nachi, Entire house rental, Barbecue (until 22:00), 2-min walk",Entire Place,4 beds・1 bath・11 guests,4.91,95,2831086,41.1%,18628,
50,New Service|Rental Car Plan|Children's Playroom,Entire Place,2 beds・1 bath・8 guests,-,-,1023404,17.8%,14274,
51,"""MaruHouse"" Rent Out Whole house",Entire Place,3 beds・1 bath・10 guests,4.97,76,5782078,74.0%,20176,
52,Enjoy Nanki! Rengean Guest House with 2 meals per night,Entire Place,2 beds・1 bath・6 guests,4.8,5,1113666,24.7%,12185,
53,Maru House 2F2 Walk from Kii-Katsuura station,Private Room,1 bed・1 bath・3 guests,4.93,41,50096,4.4%,2788,
54,[3-minute walk from the station] Superior Twin (Renewed Jan 2025),Private Room,1 bed・1 bath・2 guests,5,24,2086698,47.4%,11630,
55,*Maru House Room1F* 6 mins walk from Kii-Katsuura station,Private Room,-,4.97,74,65791,4.7%,3452,
56,Private vacation house Kokoyui,Entire Place,2 beds・1 bath・11 guests,4.83,30,925224,7.1%,35189,
57,CASA_6mins walk from Sta.,Private Room,-,4.71,17,874117,11.2%,19890,
58,201 Midtown Sakura Apartment House,Entire Place,2 beds・1 bath・6 guests,4.81,80,2129868,11.2%,40775,
59,"201. World Heritage Mt. Nachi, a relaxing room, 2 min walk from Kii-Katsuura Station",Private Room,1 bed・1 bath・3 guests,4.78,103,386229,15.6%,6534,
60,"Safe, secure, and convenient. 3-min walk from Tsunami Tower, 1-min walk from supermarkets",Entire Place,1 bed・3 baths・5 guests,4.88,32,300593,10.4%,8143,
61,[3-minute walk from the station] Standard Twin (Renewed Jan 2025),Private Room,1 bed・2 baths・2 guests,4.83,23,1178740,28.8%,10735,
62,Nachi's Only Private Onsen & Manga Escape,Entire Place,1 bed・1 bath・4 guests,4.96,24,3390365,44.1%,20950,自社物件(那智温泉南の湯)
63,"Mountains, rivers, waterfalls. Stay & Adventure Healthy Private Accommodation ""Sucoyaka""",Entire Place,2 beds・1.5 baths・9 guests,4.89,37,920035,9.0%,24409,
64,Japan Traditional Guest House 1日1組貸切素泊り 民泊にしき,Private Room,2 beds,4.84,122,1113594,65.5%,4686,